"Table 1: Foodborne disease outbreaks, outbreak-associated illnesses, and hospitalizations, by etiology (conï¬Årmed orsuspected)*â€”Foodborne Disease Outbreak Surveillance System, United States, 2016.",,,,,,,,,,,,,,,,,,
,No. Outbreaks,,,,No. Illnesses,,,No. Hospitalizations,,,,,,,,,,
Etiology,CE,SE,Total,%,CE,SE,Total,%,CE,SE,Total,%,,,,,,
Bacterial,,,,,,,,,,,,,,,,,,
Salmonellaâ€ ,132,3,135,21,3047,34,3081,25,456,0,456,54,,,,,,
Clostridium perfringens,18,12,30,5,512,244,756,6,3,5,8,1,,,,,,
"Escherichia coli, Shiga toxin-producing (STEC)â€¡",25,2,27,4,370,16,386,3,98,5,103,12,,,,,,
CampylobacterÂ§,18,7,25,4,152,35,187,2,17,1,18,2,,,,,,
Bacillus cereus,6,13,19,3,340,301,641,5,0,0,0,0,,,,,,
Staphylococcus aureus enterotoxin,4,10,14,2,173,64,237,2,17,4,21,2,,,,,,
Vibrio parahaemolyticus,3,3,6,1,13,6,19,0,2,0,2,0,,,,,,
Vibrio cholerae,4,1,5,1,8,6,14,0,4,0,4,0,,,,,,
ShigellaÂ¶,2,1,3,0,21,3,24,0,2,0,2,0,,,,,,
Clostridium botulinum,1,1,2,0,2,3,5,0,2,2,4,0,,,,,,
Listeria monocytogenes,2,0,2,0,15,0,15,0,14,0,14,2,,,,,,
"Escherichia coli, Enteroinvasive",0,1,1,0,0,23,23,0,0,1,1,0,,,,,,
Staphylococcus spp,1,0,1,0,16,0,16,0,5,0,5,1,,,,,,
"Escherichia coli, Enteroaggregative",1,0,1,0,10,0,10,0,0,0,0,0,,,,,,
Brucella spp,1,0,1,0,3,0,3,0,3,0,3,0,,,,,,
Vibrio other,1,0,1,0,2,0,2,0,0,0,0,0,,,,,,
Other,0,13,13,2,0,62,62,1,0,0,0,0,,,,,,
Subtotal,219,67,286,44,4684,797,5481,45,623,18,641,76,,,,,,
Chemical and toxin,,,,,,,,,,,,,,,,,,
Scombroid toxin/Histamine,12,0,12,2,35,0,35,0,0,0,0,0,,,,,,
Ciguatoxin,11,0,11,2,33,0,33,0,3,0,3,0,,,,,,
Mycotoxins,1,0,1,0,7,0,7,0,0,0,0,0,,,,,,
Other,2,1,3,0,66,9,75,1,0,0,0,0,,,,,,
Subtotal,26,1,27,4,141,9,150,1,3,0,3,0,,,,,,
Parasitic,,,,,,,,,,,,,,,,,,
Cryptosporidium,2,0,2,0,9,0,9,0,0,0,0,0,,,,,,
Trichinella,2,0,2,0,8,0,8,0,1,0,1,0,,,,,,
Giardia,0,1,1,0,0,25,25,0,0,0,0,0,,,,,,
Cyclospora,1,0,1,0,15,0,15,0,0,0,0,0,,,,,,
Subtotal,5,1,6,1,32,25,57,0,1,0,1,0,,,,,,
Viral,,,,,,,,,,,,,,,,,,
Norovirus,145,177,322,50,3794,2140,5934,49,44,17,61,7,,,,,,
Hepatitis A virus,3,0,3,0,457,0,457,4,141,0,141,17,,,,,,
Sapovirus,1,0,1,0,15,0,15,0,0,0,0,0,,,,,,
Subtotal,149,177,326,51,4266,2140,6406,53,185,17,202,24,,,,,,
Single etiology**,399,246,645,77,9123,2971,12094,85,812,35,847,97,,,,,,
Multiple etiologies conï¬Årmed or suspectedâ€ â€ ,4,13,17,2,87,377,464,3,2,2,4,0,,,,,,
Unknown etiologyâ€¡â€¡,0,177,177,21,0,1701,1701,12,0,24,24,3,,,,,,
Total,403,436,839,100,9210,5049,14259,100,814,61,875,100,,,,,,
,,,,,,,,,,,,,,,,,,
"Table 2a: Foodborne disease outbreaks and outbreak-associated illnesses, by food category*â€”Foodborne Disease Outbreak Surveillance System, United States, 2016.",,,,,,,,,,,,,,,,,,
,No. Outbreaks,,No. Illnesses,,,,,,,,,,,,,,,
Food Category*,Total,%,Total,%,,,,,,,,,,,,,,
Aquatic animals,,,,,,,,,,,,,,,,,,
Crustaceans,6,3,118,3,,,,,,,,,,,,,,
Mollusksâ€ ,21,12,529,14,,,,,,,,,,,,,,
Fish,26,14,82,2,,,,,,,,,,,,,,
Other aquatic animals,2,1,8,0,,,,,,,,,,,,,,
Subtotal,55,31,737,20,,,,,,,,,,,,,,
Land animals,,,,,,,,,,,,,,,,,,
Dairy,19,11,252,7,,,,,,,,,,,,,,
Eggs,6,3,161,4,,,,,,,,,,,,,,
Beef,11,6,340,9,,,,,,,,,,,,,,
Pork,18,10,438,12,,,,,,,,,,,,,,
"Other meat (sheep, goat, etc.)",1,1,50,1,,,,,,,,,,,,,,
Chicken,17,9,356,9,,,,,,,,,,,,,,
Turkey,3,2,62,2,,,,,,,,,,,,,,
Game,1,1,3,0,,,,,,,,,,,,,,
Subtotal,76,42,1662,44,,,,,,,,,,,,,,
Plants,,,,,,,,,,,,,,,,,,
Oils and sugars,1,1,12,0,,,,,,,,,,,,,,
Fungi,1,1,7,0,,,,,,,,,,,,,,
Sprouts,5,3,104,3,,,,,,,,,,,,,,
Root and other underground vegetablesÂ§,3,2,118,3,,,,,,,,,,,,,,
Seeded vegetablesÂ¶,6,3,106,3,,,,,,,,,,,,,,
Herbs,1,1,96,3,,,,,,,,,,,,,,
Vegetable row crops**,7,4,144,4,,,,,,,,,,,,,,
Fruitsâ€ â€ ,10,6,347,9,,,,,,,,,,,,,,
Grains and beansâ€¡â€¡,8,4,383,10,,,,,,,,,,,,,,
Nuts and seedsÂ§Â§,3,2,22,1,,,,,,,,,,,,,,
Subtotal,45,25,1339,35,,,,,,,,,,,,,,
Other,11,6,247,6,,,,,,,,,,,,,,
"Food reported, attributed to a single food categoryÂ¶Â¶",180,21,3776,26,,,,,,,,,,,,,,
"Food reported, not attributed to a single food category",143,17,2939,21,,,,,,,,,,,,,,
No food reported,516,62,7544,53,,,,,,,,,,,,,,
Total,839,100,14259,100,,,,,,,,,,,,,,
,,,,,,,,,,,,,,,,,,
"Table 2b: Most common pathogen-food category pairs resulting in outbreaks, outbreak-associated illnesses, hospitalizations, and deathsâ€”Foodborne Disease Outbreak Surveillance System, United States, 2016.",,,,,,,,,,,,,,,,,,
Top 5 pathogen-food category pairs resulting in outbreaks,,,,,,,,,,,,,,,,,,
Etiology,Food Category*,No. Outbreaks,No. Illnesses,No. Hospitalizations,No. Deaths,,,,,,,,,,,,,
Scombroid toxin/histamine,Fish,12,35,0,0,,,,,,,,,,,,,
Ciguatoxin,Fish,11,33,3,0,,,,,,,,,,,,,
Salmonella,Chicken,8,307,42,1,,,,,,,,,,,,,
Campylobacter,Dairy,7,57,5,0,,,,,,,,,,,,,
Norovirus,Mollusks,6,209,3,0,,,,,,,,,,,,,
Salmonella,Pork,6,96,12,0,,,,,,,,,,,,,
Vibrio parahaemolyticus,Mollusks,6,19,2,0,,,,,,,,,,,,,
Top 5 pathogen-food category pairs resulting in outbreak-associated illnesses,,,,,,,,,,,,,,,,,,
Etiology,Food Category*,No. Outbreaks,No. Illnesses,No. Hospitalizations,No. Deaths,,,,,,,,,,,,,
Bacillus cereus,Grains and beans,5,348,0,0,,,,,,,,,,,,,
Salmonella,Chicken,8,307,42,1,,,,,,,,,,,,,
Hepatitis A virus,Mollusks,1,281,71,2,,,,,,,,,,,,,
Norovirus,Mollusks,6,209,3,0,,,,,,,,,,,,,
Staphylococcus aureus enterotoxin,Pork,4,170,18,0,,,,,,,,,,,,,
Top 5 pathogen-food category pairs resulting in outbreak-associated hospitalizations,,,,,,,,,,,,,,,,,,
Etiology,Food Category*,No. Outbreaks,No. Illnesses,No. Hospitalizations,No. Deaths,,,,,,,,,,,,,
Hepatitis A virus,Mollusks,1,281,71,2,,,,,,,,,,,,,
Hepatitis A virus,Fruits,1,137,57,0,,,,,,,,,,,,,
Salmonella,Beef,2,110,44,1,,,,,,,,,,,,,
Salmonella,Chicken,8,307,42,1,,,,,,,,,,,,,
Salmonella,Dairy,4,138,23,0,,,,,,,,,,,,,
Pathogen-food category pairs resulting in outbreak-associated deaths,,,,,,,,,,,,,,,,,,
Etiology,Food Category*,No. Outbreaks,No. Illnesses,No. Hospitalizations,No. Deaths,,,,,,,,,,,,,
Hepatitis A virus,Mollusks,1,281,71,2,,,,,,,,,,,,,
Listeria monocytogenes ,Dairy,1,10,9,2,,,,,,,,,,,,,
Salmonella,Chicken,8,307,42,1,,,,,,,,,,,,,
Vibrio cholerae ,Mollusks,3,6,3,1,,,,,,,,,,,,,
Salmonella,Beef,2,110,44,1,,,,,,,,,,,,,
,,,,,,,,,,,,,,,,,,
"Table 3a: Foodborne disease outbreaks and outbreak-associated illnesses, by location of food preparationâ€” Foodborne Disease Outbreak Surveillance System, United States, 2016.",,,,,,,,,,,,,,,,,,
,No. Outbreaks,,No. Illnesses,,,,,,,,,,,,,,,
Location,Total,%,Total,%,,,,,,,,,,,,,,
Restaurant,459,61,5353,42,,,,,,,,,,,,,,
Sit-down dining,363,48,4139,33,,,,,,,,,,,,,,
Fast-food,62,8,768,6,,,,,,,,,,,,,,
Buï¬€et,16,2,240,2,,,,,,,,,,,,,,
Other or unknown type,24,3,374,3,,,,,,,,,,,,,,
Multiple types,10,1,72,1,,,,,,,,,,,,,,
Catering or banquet facility,102,14,3116,25,,,,,,,,,,,,,,
Private home,76,10,895,7,,,,,,,,,,,,,,
Institutional location,21,3,1377,11,,,,,,,,,,,,,,
School,8,1,785,6,,,,,,,,,,,,,,
Prison or jail,5,1,437,3,,,,,,,,,,,,,,
Camp,4,1,56,0,,,,,,,,,,,,,,
Day Care,2,0,46,0,,,,,,,,,,,,,,
Oï¬ƒce or indoor workplace,2,0,53,0,,,,,,,,,,,,,,
Other location,7,1,113,1,,,,,,,,,,,,,,
Other commercial location,40,5,723,6,,,,,,,,,,,,,,
Grocery store,15,2,239,2,,,,,,,,,,,,,,
"Fair, festival, or temporary mobile service",13,2,290,2,,,,,,,,,,,,,,
Farm or dairy,11,1,192,2,,,,,,,,,,,,,,
Other,1,0,2,0,,,,,,,,,,,,,,
Hospital or nursing home,16,2,412,3,,,,,,,,,,,,,,
Nursing home,16,2,412,3,,,,,,,,,,,,,,
Other private location,7,1,234,2,,,,,,,,,,,,,,
Place of worship,6,1,224,2,,,,,,,,,,,,,,
Other,1,0,10,0,,,,,,,,,,,,,,
Hotel or motel,7,1,159,1,,,,,,,,,,,,,,
Single location*,751,90,12622,89,,,,,,,,,,,,,,
Multiple locations,40,5,830,6,,,,,,,,,,,,,,
Unknown location,48,6,807,6,,,,,,,,,,,,,,
Total,839,100,14259,100,,,,,,,,,,,,,,
,,,,,,,,,,,,,,,,,,
"Table 3b: Foodborne disease outbreaks and outbreak-associated illnesses, by conï¬Årmed etiology* and location offood preparationâ€ â€”Foodborne Disease Outbreak Surveillance System, United State, 2016.",,,,,,,,,,,,,,,,,,
,Catering or banquet facility,,Restaurant,,Other commercial location,,Hospital or nursing home,,Instituitional location,,Private home,,Other private location ,,Other location,,,
Etiology,NO,NI,NO,NI,NO,,NI,NI,NO,NI,NO,NI,NO,NI,NO,NI,,
Bacterial,,,,,,,,,,,,,,,,,,
Salmonella,6,255,53,794,11,363,3,11,10,507,17,310,2,51,1,2,,
Clostridium perfringens,3,106,9,255,â€“,â€“,â€“,â€“,â€“,â€“,3,72,1,35,â€“,â€“,,
"Escherichia coli, Shiga toxin-producing",1,10,7,46,4,60,â€“,â€“,â€“,â€“,2,14,â€“,â€“,â€“,â€“,,
Campylobacter,2,20,8,85,4,37,â€“,â€“,â€“,â€“,3,7,â€“,â€“,â€“,â€“,,
Bacillus cereus,1,39,2,187,â€“,â€“,â€“,â€“,2,110,1,4,â€“,â€“,â€“,â€“,,
Staphylococcus aureus enterotoxin,2,157,1,4,â€“,â€“,â€“,â€“,â€“,â€“,1,12,â€“,â€“,â€“,â€“,,
Vibrio parahaemolyticus,â€“,â€“,â€“,â€“,1,2,â€“,â€“,â€“,â€“,â€“,â€“,â€“,â€“,â€“,â€“,,
Vibrio cholerae,â€“,â€“,2,4,1,2,â€“,â€“,â€“,â€“,â€“,â€“,â€“,â€“,â€“,â€“,,
Shigella,2,21,â€“,â€“,â€“,â€“,â€“,â€“,â€“,â€“,â€“,â€“,â€“,â€“,â€“,â€“,,
Clostridium botulinum,â€“,â€“,â€“,â€“,â€“,â€“,â€“,â€“,â€“,â€“,1,2,â€“,â€“,â€“,â€“,,
Listeria monocytogenes,â€“,â€“,â€“,â€“,â€“,â€“,â€“,â€“,â€“,â€“,â€“,â€“,â€“,â€“,â€“,â€“,,
"Escherichia coli, Enteroinvasive",â€“,â€“,â€“,â€“,â€“,â€“,â€“,â€“,â€“,â€“,â€“,â€“,â€“,â€“,â€“,â€“,,
Staphylococcus spp,â€“,â€“,1,16,â€“,â€“,â€“,â€“,â€“,â€“,â€“,â€“,â€“,â€“,â€“,â€“,,
"Escherichia coli, Enteroaggregative",â€“,â€“,â€“,â€“,1,10,â€“,â€“,â€“,â€“,â€“,â€“,â€“,â€“,â€“,â€“,,
Brucella spp,â€“,â€“,â€“,â€“,â€“,â€“,â€“,â€“,â€“,â€“,1,3,â€“,â€“,â€“,â€“,,
Vibrio other,â€“,â€“,1,2,â€“,â€“,â€“,â€“,â€“,â€“,â€“,â€“,â€“,â€“,â€“,â€“,,
Other,â€“,â€“,â€“,â€“,â€“,â€“,â€“,â€“,â€“,â€“,â€“,â€“,â€“,â€“,â€“,â€“,,
Subtotal,17,608,84,1393,22,474,3,11,12,617,29,424,3,86,1,2,,
Chemical and toxin,,,,,,,,,,,,,,,,,,
Scombroid toxin/histamine,â€“,â€“,9,29,â€“,â€“,â€“,â€“,â€“,â€“,3,6,â€“,â€“,â€“,â€“,,
Ciguatoxin,â€“,â€“,â€“,â€“,1,2,â€“,â€“,â€“,â€“,9,25,â€“,â€“,â€“,â€“,,
Mycotoxins,â€“,â€“,â€“,â€“,â€“,â€“,â€“,â€“,â€“,â€“,1,7,â€“,â€“,â€“,â€“,,
Other,1,64,â€“,â€“,â€“,â€“,â€“,â€“,â€“,â€“,â€“,â€“,â€“,â€“,1,2,,
Subtotal,1,64,9,29,1,2,â€“,â€“,â€“,â€“,13,38,â€“,â€“,1,2,,
Parasitic,,,,,,,,,,,,,,,,,,
Cryptosporidium,â€“,â€“,â€“,â€“,2,9,â€“,â€“,â€“,â€“,â€“,â€“,â€“,â€“,â€“,â€“,,
Trichinella,â€“,â€“,â€“,â€“,â€“,â€“,â€“,â€“,â€“,â€“,2,8,â€“,â€“,â€“,â€“,,
Giardia,â€“,â€“,â€“,â€“,â€“,â€“,â€“,â€“,â€“,â€“,â€“,â€“,â€“,â€“,â€“,â€“,,
Cyclospora,â€“,â€“,1,15,â€“,â€“,â€“,â€“,â€“,â€“,â€“,â€“,â€“,â€“,â€“,â€“,,
Subtotal,â€“,â€“,1,15,2,9,â€“,â€“,â€“,â€“,2,8,â€“,â€“,â€“,â€“,,
Viral,,,,,,,,,,,,,,,,,,
Norovirus,28,1051,85,1426,2,93,5,187,2,529,5,60,2,100,3,112,,
Hepatitis A virus,â€“,â€“,2,418,â€“,â€“,â€“,â€“,â€“,â€“,1,39,â€“,â€“,â€“,â€“,,
Sapovirus,â€“,â€“,1,15,â€“,â€“,â€“,â€“,â€“,â€“,â€“,â€“,â€“,â€“,â€“,â€“,,
Subtotal,28,1051,88,1859,2,93,5,187,2,529,6,99,2,100,3,112,,
Single etiology,46,1723,182,3296,27,578,8,198,14,114 6,51,581,5,186,6,128,,
Multiple etiologies conï¬ÅrmedÂ§,â€“,â€“,2,22,â€“,â€“,â€“,â€“,â€“,â€“,2,65,â€“,â€“,â€“,â€“,,
Total,46,1723,184,3318,27,578,8,198,14,1146,53,646,5,186,6,128,,
,,,,,,,,,,,,,,,,,,
"Table 3c: Foodborne disease outbreaks and outbreak-associated illnesses, by suspected etiology* and location of food preparation - Foodborne Disease Outbreak Surveillance System, United States, 2016.",,,,,,,,,,,,,,,,,,
,Catering or banquet facility,,Restaurant,,Other commercial location,,Hospital or nursing home,,Instituitional location,,Private home,,Other private location ,,Other location,,,
Etiology,NO,NI,NO,NI,NO,NI,NO,NI,NO,NI,NO,NI,NO,NI,NO,NI,,
Bacterial,,,,,,,,,,,,,,,,,,
Salmonella,1,25,1,7,â€“,â€¡,â€“,â€“,â€“,â€“,â€“,â€“,â€“,â€“,â€“,â€“,,
Clostridium perfringens,7,121,2,11,1,11,â€“,â€“,â€“,â€“,1,17,â€“,â€“,â€“,â€“,,
"Escherichia coli, Shiga toxin-producing",â€“,â€“,â€“,â€“,â€“,â€“,â€“,â€“,â€“,â€“,2,16,â€“,â€“,â€“,â€“,,
Campylobacter,â€“,â€“,2,6,1,6,â€“,â€“,â€“,â€“,1,15,â€“,â€“,â€“,â€“,,
Bacillus cereus,3,260,9,38,â€“,â€“,â€“,â€“,â€“,â€“,â€“,â€“,â€“,â€“,â€“,â€“,,
Staphylococcus aureus enterotoxin,â€“,â€“,7,23,â€“,â€“,â€“,â€“,â€“,â€“,2,29,â€“,â€“,1,12,,
Vibrio parahaemolyticus,â€“,â€“,2,4,â€“,â€“,â€“,â€“,â€“,â€“,1,2,â€“,â€“,â€“,â€“,,
Vibrio cholerae,â€“,â€“,1,6,â€“,â€“,â€“,â€“,â€“,â€“,â€“,â€“,â€“,â€“,â€“,â€“,,
Shigella,â€“,â€“,â€“,â€“,â€“,â€“,â€“,â€“,1,3,â€“,â€“,â€“,â€“,â€“,â€“,,
Clostridium botulinum,â€“,â€“,â€“,â€“,â€“,â€“,â€“,â€“,â€“,â€“,1,3,â€“,â€“,â€“,â€“,,
Listeria monocytogenes,â€“,â€“,â€“,â€“,â€“,â€“,â€“,â€“,â€“,â€“,â€“,â€“,â€“,â€“,â€“,â€“,,
"Escherichia coli, Enteroinvasive",1,23,â€“,â€“,â€“,â€“,â€“,â€“,â€“,â€“,â€“,â€“,â€“,â€“,â€“,â€“,,
Staphylococcus spp,â€“,â€“,â€“,â€“,â€“,â€“,â€“,â€“,â€“,â€“,â€“,â€“,â€“,â€“,â€“,â€“,,
"Escherichia coli, Enteroaggregative",â€“,â€“,â€“,â€“,â€“,â€“,â€“,â€“,â€“,â€“,â€“,â€“,â€“,â€“,â€“,â€“,,
Brucella spp,â€“,â€“,â€“,â€“,â€“,â€“,â€“,â€“,â€“,â€“,â€“,â€“,â€“,â€“,â€“,â€“,,
Vibrio other,â€“,â€“,â€“,â€“,â€“,â€“,â€“,â€“,â€“,â€“,â€“,â€“,â€“,â€“,â€“,â€“,,
Other,1,26,11,34,1,2,â€“,â€“,â€“,â€“,â€“,â€“,â€“,â€“,â€“,â€“,,
Subtotal,13,455,35,129,3,19,â€“,â€“,1,3,8,82,â€“,â€“,1,12,,
Chemical and toxin,,,,,,,,,,,,,,,,,,
Scombroid toxin/histamine,â€“,â€“,â€“,â€“,â€“,â€“,â€“,â€“,â€“,â€“,â€“,â€“,â€“,â€“,â€“,â€“,,
Ciguatoxin,â€“,â€“,â€“,â€“,â€“,â€“,â€“,â€“,â€“,â€“,â€“,â€“,â€“,â€“,â€“,â€“,,
Mycotoxins,â€“,â€“,â€“,â€“,â€“,â€“,â€“,â€“,â€“,â€“,â€“,â€“,â€“,â€“,â€“,â€“,,
Other,1,9,â€“,â€“,â€“,â€“,â€“,â€“,â€“,â€“,â€“,â€“,â€“,â€“,â€“,â€“,,
Subtotal,1,9,â€“,â€“,â€“,â€“,â€“,â€“,â€“,â€“,â€“,â€“,â€“,â€“,â€“,â€“,,
Parasitic,,,,,,,,,,,,,,,,,,
Cryptosporidium,â€“,â€“,â€“,â€“,â€“,â€“,â€“,â€“,â€“,â€“,â€“,â€“,â€“,â€“,â€“,â€“,,
Trichinella,â€“,â€“,â€“,â€“,â€“,â€“,â€“,â€“,â€“,â€“,â€“,â€“,â€“,â€“,â€“,â€“,,
Giardia,â€“,â€“,â€“,â€“,â€“,â€“,â€“,â€“,â€“,â€“,â€“,â€“,â€“,â€“,â€“,â€“,,
Cyclospora,â€“,â€“,â€“,â€“,â€“,â€“,â€“,â€“,â€“,â€“,â€“,â€“,â€“,â€“,â€“,â€“,,
Subtotal,â€“,â€“,â€“,â€“,â€“,â€“,â€“,â€“,â€“,â€“,â€“,â€“,â€“,â€“,â€“,â€“,,
Viral,,,,,,,,,,,,,,,,,,
Norovirus,14,459,127,1058,6,86,3,121,3,94,5,51,1,8,6,121,,
Hepatitis A virus,â€“,â€“,â€“,â€“,â€“,â€“,â€“,â€“,â€“,â€“,â€“,â€“,â€“,â€“,â€“,â€“,,
Sapovirus,â€“,â€“,â€“,â€“,â€“,â€“,â€“,â€“,â€“,â€“,â€“,â€“,â€“,â€“,â€“,â€“,,
Subtotal,14,459,127,1058,6,86,3,121,3,94,5,51,1,8,6,121,,
Single etiology,28,923,163,1392,9,105,3,121,4,97,13,133,1,8,7,133,,
Multiple etiologies suspectedÂ§,2,17,5,32,â€“,â€“,â€“,â€“,1,68,2,28,â€“,â€“,â€“,â€“,,
Unknown etiologyÂ¶,26,453,107,611,4,40,5,93,2,66,8,88,1,40,1,11,,
Total,56,1393,275,2035,13,145,8,214,7,231,23,249,2,48,8,144,,
,,,,,,,,,,,,,,,,,,
"Table 4: Multistate foodborne disease outbreaksâ€”Foodborne Disease Outbreak Surveillance System, United States, 2016.",,,,,,,,,,,,,,,,,,
,,,,,,,Implicated food*,,,,,,,,,,,
Month of first illness on set,Etiology,,illnesses,No. Hospitilizations ,No. Deaths,No. States Involved,Name,Confirmed,Recall,,,,,,,,,
January,Salmonella Montevideo; Senftenberg,,11,2,0,9,Pistachios,Yes,Yes,,,,,,,,,
January,Shiga toxin-producing E. coli O157:NM (H-),,11,2,0,2,Alfalfa sprouts,Yes,Yes,,,,,,,,,
March,Salmonella Sundsvall,,6,1,0,2,No food reported,â€“,No,,,,,,,,,
March,Salmonella Oslo,,14,3,0,8,Cucumbers,Yes,No,,,,,,,,,
April,Salmonella Goldcoast,,12,1,0,5,Pork,No,No,,,,,,,,,
April,Shiga toxin-producing E. coli O5,,4,0,0,4,No food reported,â€“,No,,,,,,,,,
April,Salmonella Bareilly,,21,3,0,7,No food reported,â€“,No,,,,,,,,,
April,Salmonella Braenderup,,32,6,0,14,Mung bean sprouts,No,No,,,,,,,,,
April,Salmonella Enteritidis,,7,0,0,2,Prepackaged leafy greens,Yes,No,,,,,,,,,
April,Salmonella Oranienburg,,8,2,0,3,Shell Eggs,Yes,Yes,,,,,,,,,
May,Hepatitis A virus,,137,57,0,9,Strawberries,Yes,Yes,,,,,,,,,
May,Salmonella Reading; Abony,,36,7,0,9,Alfalfa sprouts,Yes,No,,,,,,,,,
May,Salmonella Enteritidis,,59,7,0,19,Avocado,No,No,,,,,,,,,
May,Salmonella Anatum,,32,8,0,9,Peppers,Yes,No,,,,,,,,,
May,Salmonella Javiana,,29,6,0,8,Onion,No,No,,,,,,,,,
June,Salmonella Enteritidis,,28,7,0,6,Salad mix,Yes,No,,,,,,,,,
June,Salmonella Minnesota,,10,3,0,8,Cantaloupe,Yes,No,,,,,,,,,
June,Salmonella Javiana,,17,3,0,6,No food reported,â€“,No,,,,,,,,,
June,Shiga toxin-producing E. coli O157:H7,,14,5,0,3,Beef,Yes,Yes,,,,,,,,,
June,Salmonella Saintpaul,,10,3,0,3,Cucumber,Yes,Yes,,,,,,,,,
June,Shiga toxin-producing,E. coli,11,4,0,3,Iceberg lettuce,No,No,,,,,,,,,
June,"Salmonella I 4,[5],12:i:- E. coli",,5,2,0,2,Nuts,No,No,,,,,,,,,
June,Shiga toxin-producing E. coli O157,,11,7,0,5,Ground beef,Yes,Yes,,,,,,,,,
July,"Salmonella I 4,[5],12:i:-",,64,16,0,13,Chicken,Yes,No,,,,,,,,,
July,Salmonella Javiana,,45,9,0,19,No food reported,â€“,No,,,,,,,,,
July,Salmonella Saintpaul,,70,12,0,11,Chicken,No,No,,,,,,,,,
August,Salmonella Newport,,12,4,0,5,No food reported,â€“,No,,,,,,,,,
August,Salmonella Newport,,53,9,1,17,No food reported,â€“,No,,,,,,,,,
September,Listeria monocytogenes,,5,5,1,3,No food reported,â€“,No,,,,,,,,,
September,Listeria monocytogenes,,10,9,2,5,Unpasteurized soft cheese,Yes,Yes,,,,,,,,,
September,Shiga toxin-producing E. coli,,20,7,2,6,No food reported,â€“,No,,,,,,,,,
October,Salmonella Enteritidis,,20,3,0,7,Bean sprouts,No,No,,,,,,,,,
October,Salmonella Newport,,107,43,1,22,Ground beef,Yes,No,,,,,,,,,
October,Salmonella Typhimurium,,6,1,0,2,Hazelnuts,Yes,Yes,,,,,,,,,
October,Shiga toxin-producing E. coli,,13,10,1,5,No food reported,â€“,No,,,,,,,,,
November,Salmonella Montevideo,,19,2,0,6,No food reported,â€“,No,,,,,,,,,
November,Salmonella Newport,,25,9,0,8,No food reported,â€“,No,,,,,,,,,
December,Salmonella Goldcoast,,16,5,0,14,No food reported,â€“,No,,,,,,,,,
December,Norovirus GII.4 untypeable,,45,0,0,2,No food reported,â€“,No,,,,,,,,,
,,,,,,,,,,,,,,,,,,
"Appendix Table 1: Foodborne disease outbreaks by conï¬Årmed etiology* and contributing factorsâ€ â€”Foodborne Disease Outbreak Surveillance System, United States, 2016.",,,,,,,,,,,,,,,,,,
,Contamination Factors,,,,,,,,,,,,,,,,,
Etiology,C1,C2,C3,C4,C5,C6,C7,C8,C9,C10,C11,C12,C13,C14,C15,>= 1 factor reported,Outbreaks with reported contributing factors,Total outbreaks
Bacterial,,,,,,,,,,,,,,,,,,
Salmonella,1,â€“Â§,â€“,â€“,â€“,12,11,3,21,3,3,2,3,4,4,41,48,132
Clostridium perfringens,1,â€“,â€“,â€“,â€“,2,â€“,â€“,1,â€“,â€“,â€“,â€“,3,2,9,15,18
"Escherichia coli, Shiga toxin-producing",1,â€“,â€“,â€“,â€“,1,5,â€“,5,1,â€“,1,â€“,4,2,11,12,25
Campylobacter,â€“,â€“,â€“,â€“,â€“,2,7,1,2,1,1,1,â€“,â€“,1,10,10,18
Bacillus cereus,â€“,â€“,â€“,â€“,â€“,1,â€“,â€“,â€“,â€“,â€“,â€“,â€“,â€“,â€“,1,5,6
Staphylococcus aureus enterotoxin,â€“,â€“,â€“,â€“,â€“,1,â€“,â€“,2,â€“,â€“,â€“,â€“,â€“,1,3,4,4
Vibrio parahaemolyticus,â€“,â€“,â€“,â€“,â€“,â€“,1,1,â€“,â€“,â€“,â€“,â€“,â€“,â€“,1,2,3
Vibrio cholerae,â€“,â€“,â€“,â€“,â€“,â€“,3,â€“,â€“,â€“,â€“,â€“,â€“,â€“,â€“,3,3,4
Shigella,â€“,â€“,â€“,â€“,â€“,â€“,1,â€“,1,â€“,â€“,â€“,â€“,â€“,â€“,1,1,2
Clostridium botulinum,â€“,â€“,â€“,â€“,â€“,â€“,â€“,â€“,â€“,â€“,â€“,â€“,â€“,â€“,â€“,â€“,1,1
Listeria monocytogenes,â€“,â€“,â€“,â€“,â€“,â€“,â€“,â€“,â€“,â€“,â€“,â€“,â€“,â€“,â€“,â€“,â€“,2
"Escherichia coli, Enteroinvasive",â€“,â€“,â€“,â€“,â€“,â€“,â€“,â€“,â€“,â€“,â€“,â€“,â€“,â€“,â€“,â€“,â€“,â€“
Staphylococcus spp,â€“,â€“,â€“,â€“,â€“,â€“,â€“,â€“,â€“,1,â€“,â€“,â€“,â€“,â€“,1,1,1
"Escherichia coli, Enteroaggregative",â€“,â€“,â€“,â€“,â€“,â€“,â€“,â€“,â€“,â€“,â€“,â€“,â€“,â€“,â€“,â€“,â€“,1
Brucella spp,1,â€“,â€“,â€“,â€“,â€“,â€“,â€“,â€“,â€“,â€“,â€“,â€“,â€“,â€“,1,1,1
Vibrio other,â€“,â€“,â€“,â€“,â€“,â€“,â€“,â€“,1,â€“,â€“,â€“,â€“,1,1,1,1,1
Other,â€“,â€“,â€“,â€“,â€“,â€“,â€“,â€“,â€“,â€“,â€“,â€“,â€“,â€“,â€“,â€“,â€“,â€“
Subtotal,4,â€“,â€“,â€“,â€“,19,28,5,33,6,4,4,3,12,11,83,104,219
Chemical and toxin,,,,,,,,,,,,,,,,,,
Scombroid toxin/histamine,9,â€“,â€“,â€“,â€“,â€“,2,â€“,1,â€“,â€“,â€“,â€“,â€“,â€“,10,10,12
Ciguatoxin,11,â€“,â€“,â€“,â€“,â€“,â€“,â€“,â€“,â€“,â€“,â€“,â€“,â€“,â€“,11,11,11
Mycotoxins,â€“,â€“,1,â€“,â€“,â€“,â€“,â€“,â€“,â€“,â€“,â€“,â€“,â€“,â€“,1,1,1
Other,â€“,â€“,â€“,1,â€“,â€“,â€“,â€“,â€“,â€“,â€“,â€“,â€“,â€“,1,1,1,2
Subtotal,20,â€“,1,1,â€“,â€“,2,â€“,1,â€“,â€“,â€“,â€“,â€“,1,23,23,26
Parasitic,,,,,,,,,,,,,,,,,,
Cryptosporidium,â€“,â€“,â€“,â€“,â€“,â€“,2,â€“,â€“,â€“,â€“,â€“,â€“,â€“,â€“,2,2,2
Trichinella,1,â€“,â€“,â€“,â€“,1,â€“,â€“,â€“,â€“,â€“,â€“,â€“,â€“,â€“,2,2,2
Giardia,â€“,â€“,â€“,â€“,â€“,â€“,â€“,â€“,â€“,â€“,â€“,â€“,â€“,â€“,â€“,â€“,â€“,â€“
Cyclospora,â€“,â€“,â€“,â€“,â€“,â€“,â€“,â€“,â€“,â€“,â€“,â€“,â€“,â€“,â€“,â€“,â€“,1
Subtotal,1,â€“,â€“,â€“,â€“,1,2,â€“,â€“,â€“,â€“,â€“,â€“,â€“,â€“,4,4,5
Viral,,,,,,,,,,,,,,,,,,
Norovirus,1,â€“,â€“,â€“,â€“,1,6,2,2,32,24,38,10,1,3,83,84,145
Hepatitis A virus,â€“,â€“,â€“,â€“,â€“,â€“,2,â€“,1,â€“,â€“,â€“,1,â€“,â€“,3,3,3
Sapovirus,â€“,â€“,â€“,â€“,â€“,â€“,â€“,â€“,â€“,â€“,â€“,â€“,â€“,â€“,â€“,â€“,â€“,1
Subtotal,1,â€“,â€“,â€“,â€“,1,8,2,3,32,24,38,11,1,3,86,87,149
Single etiology,26,â€“,1,1,â€“,21,40,7,37,38,28,42,14,13,15,196,218,399
Multiple etiologies conï¬Årmed,â€“,â€“,â€“,â€“,â€“,1,â€“,â€“,â€“,1,â€“,1,â€“,â€“,â€“,2,2,4
Total,26,â€“,1,1,â€“,22,40,7,37,39,28,43,14,13,15,198,220,403
,,,,,,,,,,,,,,,,,,
"Appendix Table 2: Foodborne disease outbreaks by conï¬Årmed etiology* and contributing factorsâ€ â€”FoodborneDisease Outbreak Surveillance System, United States, 2016.",,,,,,,,,,,,,,,,,,
,Proliferation/Amplification Factors,,,,,,,,,,,,,,,,,
Etiology,P1,P2,P3,P4,P5,P6,P7,P8,P9,P10,P11,P12,>= 1 Factor Reported,Outbreaks with reported contributing factors,Total outbreaks,,,
Bacterial,,,,,,,,,,,,,,,,,,
Salmonella,21,10,3,5,6,â€“Â§,7,6,â€“,1,1,2,35,48,132,,,
Clostridium perfringens,7,5,â€“,2,6,â€“,10,7,â€“,â€“,â€“,1,14,15,18,,,
"Escherichia coli, Shiga toxin-producing",4,1,1,1,3,1,1,2,â€“,â€“,â€“,â€“,5,12,25,,,
Campylobacter,1,â€“,â€“,1,â€“,â€“,â€“,1,â€“,â€“,â€“,1,2,10,18,,,
Bacillus cereus,2,â€“,â€“,â€“,1,â€“,â€“,â€“,â€“,â€“,â€“,â€“,2,5,6,,,
Staphylococcus aureus enterotoxin,2,2,1,â€“,â€“,â€“,â€“,â€“,â€“,â€“,â€“,â€“,4,4,4,,,
Vibrio parahaemolyticus,â€“,â€“,â€“,â€“,â€“,â€“,â€“,â€“,â€“,â€“,â€“,1,1,2,3,,,
Vibrio cholerae,â€“,1,â€“,â€“,â€“,â€“,1,â€“,â€“,â€“,â€“,â€“,2,3,4,,,
Shigella,â€“,1,â€“,â€“,â€“,â€“,â€“,â€“,â€“,â€“,â€“,â€“,1,1,2,,,
Clostridium botulinum,â€“,â€“,â€“,â€“,â€“,â€“,â€“,â€“,â€“,1,1,â€“,1,1,1,,,
Listeria monocytogenes,â€“,â€“,â€“,â€“,â€“,â€“,â€“,â€“,â€“,â€“,â€“,â€“,â€“,â€“,2,,,
"Escherichia coli, Enteroinvasive",â€“,â€“,â€“,â€“,â€“,â€“,â€“,â€“,â€“,â€“,â€“,â€“,â€“,â€“,â€“,,,
Staphylococcus spp,â€“,â€“,â€“,â€“,â€“,1,â€“,1,â€“,â€“,â€“,â€“,1,1,1,,,
"Escherichia coli, Enteroaggregative",â€“,â€“,â€“,â€“,â€“,â€“,â€“,â€“,â€“,â€“,â€“,â€“,â€“,â€“,1,,,
Brucella spp,1,â€“,â€“,â€“,â€“,â€“,â€“,â€“,â€“,â€“,â€“,â€“,1,1,1,,,
Vibrio other,â€“,â€“,â€“,â€“,â€“,â€“,â€“,â€“,â€“,â€“,â€“,â€“,â€“,1,1,,,
Other,â€“,â€“,â€“,â€“,â€“,â€“,â€“,â€“,â€“,â€“,â€“,â€“,â€“,â€“,â€“,,,
Subtotal,38,20,5,9,16,2,19,17,â€“,2,2,5,69,104,219,,,
Chemical and toxin,,,,,,,,,,,,,,,,,,
Scombroid toxin/histamine,â€“,â€“,â€“,2,2,â€“,â€“,â€“,â€“,â€“,â€“,â€“,4,10,12,,,
Ciguatoxin,â€“,â€“,â€“,â€“,â€“,â€“,â€“,â€“,â€“,â€“,â€“,â€“,â€“,11,11,,,
Mycotoxins,â€“,â€“,â€“,â€“,â€“,â€“,â€“,â€“,â€“,â€“,â€“,â€“,â€“,1,1,,,
Other,â€“,â€“,â€“,â€“,â€“,â€“,â€“,â€“,â€“,â€“,â€“,â€“,â€“,1,2,,,
Subtotal,â€“,â€“,â€“,2,2,â€“,â€“,â€“,â€“,â€“,â€“,â€“,4,23,26,,,
Parasitic,,,,,,,,,,,,,,,,,,
Cryptosporidium,â€“,â€“,â€“,â€“,â€“,â€“,â€“,â€“,â€“,â€“,â€“,â€“,â€“,2,2,,,
Trichinella,â€“,â€“,â€“,â€“,â€“,â€“,â€“,â€“,â€“,â€“,â€“,â€“,â€“,2,2,,,
Giardia,â€“,â€“,â€“,â€“,â€“,â€“,â€“,â€“,â€“,â€“,â€“,â€“,â€“,â€“,â€“,,,
Cyclospora,â€“,â€“,â€“,â€“,â€“,â€“,â€“,â€“,â€“,â€“,â€“,â€“,â€“,â€“,1,,,
Subtotal,â€“,â€“,â€“,â€“,â€“,â€“,â€“,â€“,â€“,â€“,â€“,â€“,â€“,4,5,,,
Viral,,,,,,,,,,,,,,,,,,
Norovirus,â€“,1,â€“,â€“,â€“,â€“,â€“,â€“,â€“,â€“,â€“,â€“,1,84,145,,,
Hepatitis A virus,â€“,1,â€“,â€“,â€“,â€“,â€“,â€“,â€“,â€“,â€“,â€“,1,3,3,,,
Sapovirus,â€“,â€“,â€“,â€“,â€“,â€“,â€“,â€“,â€“,â€“,â€“,â€“,â€“,â€“,1,,,
Subtotal,â€“,2,â€“,â€“,â€“,â€“,â€“,â€“,â€“,â€“,â€“,â€“,2,87,149,,,
Single etiology,38,22,5,11,18,2,19,17,â€“,2,2,5,75,218,399,,,
Multiple etiologies conï¬Årmed,â€“,â€“,â€“,â€“,â€“,â€“,â€“,â€“,â€“,â€“,â€“,â€“,â€“,2,4,,,
Total,38,22,5,11,18,2,19,17,â€“,2,2,5,75,220,403,,,
,,,,,,,,,,,,,,,,,,
"Appendix Table 3: Foodborne disease outbreaks by conï¬Årmed etiology* and contributing factorsâ€”Foodborne Disease Outbreak Surveillance System, United States, 2016.    ",,,,,,,,,,,,,,,,,,
,Survival Factors,,,,,,,,,,,,,,,,,
Etiology,S1,S2,S3,S4,S5,>= 1 Factor Reported,Outbreaks with reported contributing factors,Total Outbreaks,,,,,,,,,,
Bacterial,,,,,,,,,,,,,,,,,,
Salmonella,14,6,1,3,4,23,48,132,,,,,,,,,,
Clostridium perfringens,2,8,1,â€“Â§,2,10,15,18,,,,,,,,,,
"Escherichia coli, Shiga toxin-producing",2,1,â€“,2,4,7,12,25,,,,,,,,,,
Campylobacter,4,â€“,â€“,â€“,â€“,4,10,18,,,,,,,,,,
Bacillus cereus,1,2,â€“,â€“,1,4,5,6,,,,,,,,,,
Staphylococcus aureus enterotoxin,1,â€“,â€“,â€“,1,2,4,4,,,,,,,,,,
Vibrio parahaemolyticus,1,â€“,â€“,â€“,â€“,1,2,3,,,,,,,,,,
Vibrio cholerae,1,â€“,â€“,â€“,1,2,3,4,,,,,,,,,,
Shigella,â€“,â€“,â€“,â€“,â€“,â€“,1,2,,,,,,,,,,
Clostridium botulinum,1,â€“,â€“,â€“,â€“,1,1,1,,,,,,,,,,
Listeria monocytogenes,â€“,â€“,â€“,â€“,â€“,â€“,â€“,2,,,,,,,,,,
"Escherichia coli, Enteroinvasive",â€“,â€“,â€“,â€“,â€“,â€“,â€“,â€“,,,,,,,,,,
Staphylococcus spp,â€“,â€“,â€“,â€“,â€“,â€“,1,1,,,,,,,,,,
"Escherichia coli, Enteroaggregative",â€“,â€“,â€“,â€“,â€“,â€“,â€“,1,,,,,,,,,,
Brucella spp,â€“,â€“,â€“,â€“,1,1,1,1,,,,,,,,,,
Vibrio other,â€“,â€“,â€“,â€“,â€“,â€“,1,1,,,,,,,,,,
Other,â€“,â€“,â€“,â€“,â€“,â€“,â€“,â€“,,,,,,,,,,
Subtotal,27,17,2,5,14,55,104,219,,,,,,,,,,
Chemical and toxin,,,,,,,,,,,,,,,,,,
Scombroid toxin/histamine,1,â€“,â€“,â€“,â€“,1,10,12,,,,,,,,,,
Ciguatoxin,â€“,â€“,â€“,â€“,â€“,â€“,11,11,,,,,,,,,,
Mycotoxins,â€“,â€“,â€“,â€“,â€“,â€“,1,1,,,,,,,,,,
Other,â€“,â€“,â€“,â€“,â€“,â€“,1,2,,,,,,,,,,
Subtotal,1,â€“,â€“,â€“,â€“,1,23,26,,,,,,,,,,
Parasitic,,,,,,,,,,,,,,,,,,
Cryptosporidium,â€“,â€“,â€“,â€“,â€“,â€“,2,2,,,,,,,,,,
Trichinella,2,â€“,â€“,â€“,â€“,2,2,2,,,,,,,,,,
Giardia,â€“,â€“,â€“,â€“,â€“,â€“,â€“,â€“,,,,,,,,,,
Cyclospora,â€“,â€“,â€“,â€“,â€“,â€“,â€“,1,,,,,,,,,,
Subtotal,2,â€“,â€“,â€“,â€“,2,4,5,,,,,,,,,,
Viral,,,,,,,,,,,,,,,,,,
Norovirus,2,1,â€“,2,4,7,84,145,,,,,,,,,,
Hepatitis A virus,â€“,â€“,â€“,â€“,â€“,â€“,3,3,,,,,,,,,,
Sapovirus,â€“,â€“,â€“,â€“,â€“,â€“,â€“,1,,,,,,,,,,
Subtotal,2,1,â€“,2,4,7,87,149,,,,,,,,,,
Single etiology,32,18,2,7,18,65,218,399,,,,,,,,,,
Multiple etiologies conï¬Årmed,1,â€“,â€“,â€“,â€“,1,2,4,,,,,,,,,,
Total,33,18,2,7,18,66,220,403,,,,,,,,,,
,,,,,,,,,,,,,,,,,,
"Appendix Table 4: Foodborne disease outbreaks by suspected etiology* and contributing factorsâ€ â€”Foodborne Disease Outbreak Surveillance System, United States, 2016.",,,,,,,,,,,,,,,,,,
,Contamination Factors,,,,,,,,,,,,,,,,,
Etiology,C1,C2,C3,C4,C5,C6,C7,C8,C9,C10,C11,C12,C13,C14,C15,>= 1 factor reported,Outbreaks with reported contributing factors,Total outbreaks
Bacterial,,,,,,,,,,,,,,,,,,
Salmonella,â€“Â§,â€“,â€“,â€“,â€“,â€“,â€“,â€“,1,â€“,â€“,â€“,â€“,â€“,â€“,1,1,3
Clostridium perfringens,1,â€“,â€“,â€“,â€“,1,â€“,â€“,â€“,â€“,â€“,1,â€“,1,1,3,7,12
"Escherichia coli, Shiga toxin-producing",â€“,â€“,â€“,â€“,â€“,â€“,1,â€“,â€“,â€“,â€“,â€“,â€“,â€“,â€“,1,1,2
Campylobacter,â€“,â€“,â€“,â€“,â€“,1,1,â€“,1,â€“,â€“,â€“,â€“,â€“,â€“,3,3,7
Bacillus cereus,1,â€“,â€“,â€“,â€“,1,â€“,â€“,2,â€“,â€“,â€“,â€“,1,1,6,9,13
Staphylococcus aureus enterotoxin,â€“,â€“,â€“,â€“,â€“,â€“,â€“,â€“,1,1,â€“,â€“,1,â€“,â€“,3,6,10
Vibrio parahaemolyticus,â€“,â€“,â€“,â€“,â€“,â€“,1,1,â€“,â€“,â€“,â€“,â€“,â€“,â€“,1,3,3
Vibrio cholerae,â€“,â€“,â€“,â€“,â€“,â€“,1,â€“,â€“,â€“,â€“,â€“,â€“,â€“,â€“,1,1,1
Shigella,â€“,â€“,â€“,â€“,â€“,â€“,â€“,â€“,â€“,â€“,â€“,â€“,â€“,1,â€“,1,1,1
Clostridium botulinum,â€“,â€“,â€“,â€“,â€“,â€“,â€“,â€“,â€“,â€“,â€“,â€“,â€“,â€“,â€“,â€“,1,1
Listeria monocytogenes,â€“,â€“,â€“,â€“,â€“,â€“,â€“,â€“,â€“,â€“,â€“,â€“,â€“,â€“,â€“,â€“,â€“,â€“
"Escherichia coli, Enteroinvasive",â€“,â€“,â€“,â€“,â€“,â€“,â€“,â€“,â€“,â€“,â€“,â€“,â€“,â€“,â€“,â€“,â€“,1
Staphylococcus spp,â€“,â€“,â€“,â€“,â€“,â€“,â€“,â€“,â€“,â€“,â€“,â€“,â€“,â€“,â€“,â€“,â€“,â€“
"Escherichia coli, Enteroaggregative",â€“,â€“,â€“,â€“,â€“,â€“,â€“,â€“,â€“,â€“,â€“,â€“,â€“,â€“,â€“,â€“,â€“,â€“
Brucella spp,â€“,â€“,â€“,â€“,â€“,â€“,â€“,â€“,â€“,â€“,â€“,â€“,â€“,â€“,â€“,â€“,â€“,â€“
Vibrio other,â€“,â€“,â€“,â€“,â€“,â€“,â€“,â€“,â€“,â€“,â€“,â€“,â€“,â€“,â€“,â€“,â€“,â€“
Other,â€“,â€“,â€“,â€“,â€“,â€“,â€“,â€“,2,â€“,â€“,â€“,â€“,â€“,2,3,7,13
Subtotal,2,â€“,â€“,â€“,â€“,3,4,1,7,1,â€“,1,1,3,4,23,40,67
Chemical and toxin,,,,,,,,,,,,,,,,,,
Scombroid toxin/histamine,â€“,â€“,â€“,â€“,â€“,â€“,â€“,â€“,â€“,â€“,â€“,â€“,â€“,â€“,â€“,â€“,â€“,â€“
Ciguatoxin,â€“,â€“,â€“,â€“,â€“,â€“,â€“,â€“,â€“,â€“,â€“,â€“,â€“,â€“,â€“,â€“,â€“,â€“
Mycotoxins,â€“,â€“,â€“,â€“,â€“,â€“,â€“,â€“,â€“,â€“,â€“,â€“,â€“,â€“,â€“,â€“,â€“,â€“
Other,â€“,â€“,â€“,â€“,â€“,â€“,â€“,â€“,â€“,â€“,â€“,â€“,â€“,â€“,â€“,â€“,â€“,1
Subtotal,â€“,â€“,â€“,â€“,â€“,â€“,â€“,â€“,â€“,â€“,â€“,â€“,â€“,â€“,â€“,â€“,â€“,1
Parasitic,,,,,,,,,,,,,,,,,,
Cryptosporidium,â€“,â€“,â€“,â€“,â€“,â€“,â€“,â€“,â€“,â€“,â€“,â€“,â€“,â€“,â€“,â€“,â€“,â€“
Trichinella,â€“,â€“,â€“,â€“,â€“,â€“,â€“,â€“,â€“,â€“,â€“,â€“,â€“,â€“,â€“,â€“,â€“,â€“
Giardia,â€“,â€“,â€“,â€“,â€“,â€“,â€“,â€“,â€“,â€“,â€“,â€“,â€“,â€“,â€“,â€“,â€“,1
Cyclospora,â€“,â€“,â€“,â€“,â€“,â€“,â€“,â€“,â€“,â€“,â€“,â€“,â€“,â€“,â€“,â€“,â€“,â€“
Subtotal,â€“,â€“,â€“,â€“,â€“,â€“,â€“,â€“,â€“,â€“,â€“,â€“,â€“,â€“,â€“,â€“,â€“,1
Viral,,,,,,,,,,,,,,,,,,
Norovirus,â€“,â€“,â€“,â€“,â€“,â€“,â€“,â€“,8,35,30,18,7,8,20,71,72,177
Hepatitis A virus,â€“,â€“,â€“,â€“,â€“,â€“,â€“,â€“,â€“,â€“,â€“,â€“,â€“,â€“,â€“,â€“,â€“,â€“
Sapovirus,â€“,â€“,â€“,â€“,â€“,â€“,â€“,â€“,â€“,â€“,â€“,â€“,â€“,â€“,â€“,â€“,â€“,â€“
Subtotal,â€“,â€“,â€“,â€“,â€“,â€“,â€“,â€“,8,35,30,18,7,8,20,71,72,177
Single etiology,2,â€“,â€“,â€“,â€“,3,4,1,15,36,30,19,8,11,24,94,112,246
Multiple etiologies suspected,1,â€“,â€“,â€“,â€“,1,â€“,â€“,â€“,â€“,â€“,â€“,â€“,â€“,2,4,5,13
Unknown etiologyÂ¶,2,â€“,â€“,â€“,â€“,1,2,1,10,9,5,2,3,7,7,29,42,177
Total,5,â€“,â€“,â€“,â€“,5,6,2,25,45,35,21,11,18,33,127,159,436
,,,,,,,,,,,,,,,,,,
"Appendix Table 5: Foodborne disease outbreaks by suspected etiology* and contributing factorsâ€ â€”Foodborne Disease Outbreak Surveillance System, United States, 2016.",,,,,,,,,,,,,,,,,,
,Proliferation/Amplification Factors,,,,,,,,,,,,,,,,,
Etiology,P1,P2,P3,P4,P5,P6,P7,P8,P9,P10,P11,P12,>= 1 Factor Reported,Outbreaks with reported contributing factors,Total outbreaks,,,
Bacterial,,,,,,,,,,,,,,,,,,
Salmonella,1,â€“Â§,â€“,â€“,â€“,â€“,â€“,â€“,â€“,â€“,â€“,â€“,1,1,3,,,
Clostridium perfringens,3,4,1,1,2,1,3,5,â€“,â€“,â€“,â€“,7,7,12,,,
"Escherichia coli, Shiga toxin-producing",â€“,â€“,â€“,â€“,â€“,â€“,â€“,â€“,â€“,â€“,â€“,â€“,â€“,1,2,,,
Campylobacter,1,â€“,â€“,â€“,1,â€“,1,â€“,â€“,â€“,â€“,â€“,2,3,7,,,
Bacillus cereus,5,5,1,â€“,4,â€“,2,4,â€“,â€“,â€“,1,9,9,13,,,
Staphylococcus aureus enterotoxin,2,5,â€“,1,3,â€“,3,1,â€“,1,â€“,1,6,6,10,,,
Vibrio parahaemolyticus,â€“,â€“,â€“,â€“,â€“,â€“,â€“,â€“,â€“,â€“,â€“,2,2,3,3,,,
Vibrio cholerae,â€“,â€“,â€“,â€“,â€“,â€“,â€“,â€“,â€“,â€“,1,â€“,1,1,1,,,
Shigella,â€“,â€“,â€“,â€“,â€“,â€“,â€“,â€“,â€“,â€“,â€“,â€“,â€“,1,1,,,
Clostridium botulinum,â€“,â€“,â€“,â€“,â€“,â€“,â€“,â€“,â€“,â€“,â€“,1,1,1,1,,,
Listeria monocytogenes,â€“,â€“,â€“,â€“,â€“,â€“,â€“,â€“,â€“,â€“,â€“,â€“,â€“,â€“,â€“,,,
"Escherichia coli, Enteroinvasive",â€“,â€“,â€“,â€“,â€“,â€“,â€“,â€“,â€“,â€“,â€“,â€“,â€“,â€“,1,,,
Staphylococcus spp,â€“,â€“,â€“,â€“,â€“,â€“,â€“,â€“,â€“,â€“,â€“,â€“,â€“,â€“,â€“,,,
"Escherichia coli, Enteroaggregative",â€“,â€“,â€“,â€“,â€“,â€“,â€“,â€“,â€“,â€“,â€“,â€“,â€“,â€“,â€“,,,
Brucella spp,â€“,â€“,â€“,â€“,â€“,â€“,â€“,â€“,â€“,â€“,â€“,â€“,â€“,â€“,â€“,,,
Vibrio other,â€“,â€“,â€“,â€“,â€“,â€“,â€“,â€“,â€“,â€“,â€“,â€“,â€“,â€“,â€“,,,
Other,2,4,â€“,3,1,â€“,2,4,â€“,â€“,1,â€“,7,7,13,,,
Subtotal,14,18,2,5,11,1,11,14,â€“,1,2,5,36,40,67,,,
Chemical and toxin,,,,,,,,,,,,,,,,,,
Scombroid toxin/histamine,â€“,â€“,â€“,â€“,â€“,â€“,â€“,â€“,â€“,â€“,â€“,â€“,â€“,â€“,â€“,,,
Ciguatoxin,â€“,â€“,â€“,â€“,â€“,â€“,â€“,â€“,â€“,â€“,â€“,â€“,â€“,â€“,â€“,,,
Mycotoxins,â€“,â€“,â€“,â€“,â€“,â€“,â€“,â€“,â€“,â€“,â€“,â€“,â€“,â€“,â€“,,,
Other,â€“,â€“,â€“,â€“,â€“,â€“,â€“,â€“,â€“,â€“,â€“,â€“,â€“,â€“,1,,,
Subtotal,â€“,â€“,â€“,â€“,â€“,â€“,â€“,â€“,â€“,â€“,â€“,â€“,â€“,â€“,1,,,
Parasitic,,,,,,,,,,,,,,,,,,
Cryptosporidium,â€“,â€“,â€“,â€“,â€“,â€“,â€“,â€“,â€“,â€“,â€“,â€“,â€“,â€“,â€“,,,
Trichinella,â€“,â€“,â€“,â€“,â€“,â€“,â€“,â€“,â€“,â€“,â€“,â€“,â€“,â€“,â€“,,,
Giardia,â€“,â€“,â€“,â€“,â€“,â€“,â€“,â€“,â€“,â€“,â€“,â€“,â€“,â€“,1,,,
Cyclospora,â€“,â€“,â€“,â€“,â€“,â€“,â€“,â€“,â€“,â€“,â€“,â€“,â€“,â€“,â€“,,,
Subtotal,â€“,â€“,â€“,â€“,â€“,â€“,â€“,â€“,â€“,â€“,â€“,â€“,â€“,â€“,1,,,
Viral,,,,,,,,,,,,,,,,,,
Norovirus,â€“,â€“,â€“,â€“,1,â€“,â€“,â€“,â€“,â€“,â€“,â€“,1,72,177,,,
Hepatitis A virus,â€“,â€“,â€“,â€“,â€“,â€“,â€“,â€“,â€“,â€“,â€“,â€“,â€“,â€“,â€“,,,
Sapovirus,â€“,â€“,â€“,â€“,â€“,â€“,â€“,â€“,â€“,â€“,â€“,â€“,â€“,â€“,â€“,,,
Subtotal,â€“,â€“,â€“,â€“,1,â€“,â€“,â€“,â€“,â€“,â€“,â€“,1,72,177,,,
Single etiology,14,18,2,5,12,1,11,14,â€“,1,2,5,37,112,246,,,
Multiple etiologies suspected,3,1,â€“,â€“,â€“,â€“,2,â€“,â€“,â€“,â€“,â€“,4,5,13,,,
Unknown etiologyÂ¶,8,11,5,7,12,â€“,9,3,â€“,â€“,â€“,3,31,42,177,,,
Total,25,30,7,12,24,1,22,17,â€“,1,2,8,72,159,436,,,
,,,,,,,,,,,,,,,,,,
"Appendix Table 6: Foodborne disease outbreaks by suspected etiology* and contributing factorsâ€ â€”Foodborne Disease Outbreak Surveillance System, United States, 2016.",,,,,,,,,,,,,,,,,,
,Survival Factors,,,,,,,,,,,,,,,,,
Etiology,S1,S2,S3,S4,S5,>= 1 Factor Reported,Outbreaks with reported contributing factors,Total Outbreaks,,,,,,,,,,
Bacterial,,,,,,,,,,,,,,,,,,
Salmonella,â€“Â§,â€“,â€“,â€“,1,1,1,3,,,,,,,,,,
Clostridium perfringens,2,4,â€“,â€“,â€“,5,7,12,,,,,,,,,,
"Escherichia coli, Shiga toxin-producing",â€“,â€“,â€“,â€“,â€“,â€“,1,2,,,,,,,,,,
Campylobacter,1,â€“,â€“,â€“,â€“,1,3,7,,,,,,,,,,
Bacillus cereus,3,1,â€“,â€“,4,6,9,13,,,,,,,,,,
Staphylococcus aureus enterotoxin,â€“,2,â€“,â€“,1,3,6,10,,,,,,,,,,
Vibrio parahaemolyticus,â€“,â€“,â€“,â€“,â€“,â€“,3,3,,,,,,,,,,
Vibrio cholerae,â€“,â€“,â€“,1,â€“,1,1,1,,,,,,,,,,
Shigella,â€“,â€“,â€“,â€“,â€“,â€“,1,1,,,,,,,,,,
Clostridium botulinum,â€“,â€“,â€“,â€“,1,1,1,1,,,,,,,,,,
Listeria monocytogenes,â€“,â€“,â€“,â€“,â€“,â€“,â€“,â€“,,,,,,,,,,
"Escherichia coli, Enteroinvasive",â€“,â€“,â€“,â€“,â€“,â€“,â€“,1,,,,,,,,,,
Staphylococcus spp,â€“,â€“,â€“,â€“,â€“,â€“,â€“,â€“,,,,,,,,,,
"Escherichia coli, Enteroaggregative",â€“,â€“,â€“,â€“,â€“,â€“,â€“,â€“,,,,,,,,,,
Brucella spp,â€“,â€“,â€“,â€“,â€“,â€“,â€“,â€“,,,,,,,,,,
Vibrio other,â€“,â€“,â€“,â€“,â€“,â€“,â€“,â€“,,,,,,,,,,
Other,1,2,â€“,2,2,5,7,13,,,,,,,,,,
Subtotal,7,9,â€“,3,9,23,40,67,,,,,,,,,,
Chemical and toxin,,,,,,,,,,,,,,,,,,
Scombroid toxin/histamine,â€“,â€“,â€“,â€“,â€“,â€“,â€“,â€“,,,,,,,,,,
Ciguatoxin,â€“,â€“,â€“,â€“,â€“,â€“,â€“,â€“,,,,,,,,,,
Mycotoxins,â€“,â€“,â€“,â€“,â€“,â€“,â€“,â€“,,,,,,,,,,
Other,â€“,â€“,â€“,â€“,â€“,â€“,â€“,1,,,,,,,,,,
Subtotal,â€“,â€“,â€“,â€“,â€“,â€“,â€“,1,,,,,,,,,,
Parasitic,,,,,,,,,,,,,,,,,,
Cryptosporidium,â€“,â€“,â€“,â€“,â€“,â€“,â€“,â€“,,,,,,,,,,
Trichinella,â€“,â€“,â€“,â€“,â€“,â€“,â€“,â€“,,,,,,,,,,
Giardia,â€“,â€“,â€“,â€“,â€“,â€“,â€“,1,,,,,,,,,,
Cyclospora,â€“,â€“,â€“,â€“,â€“,â€“,â€“,â€“,,,,,,,,,,
Subtotal,â€“,â€“,â€“,â€“,â€“,â€“,â€“,1,,,,,,,,,,
Viral,,,,,,,,,,,,,,,,,,
Norovirus,1,â€“,â€“,2,2,5,72,177,,,,,,,,,,
Hepatitis A virus,â€“,â€“,â€“,â€“,â€“,â€“,â€“,â€“,,,,,,,,,,
Sapovirus,â€“,â€“,â€“,â€“,â€“,â€“,â€“,â€“,,,,,,,,,,
Subtotal,1,â€“,â€“,2,2,5,72,177,,,,,,,,,,
Single etiology,8,9,â€“,5,11,28,112,246,,,,,,,,,,
Multiple etiologies suspected,2,1,â€“,â€“,â€“,2,5,13,,,,,,,,,,
Unknown etiologyÂ¶,5,5,â€“,1,2,13,42,177,,,,,,,,,,
Total,15,15,â€“,6,13,43,159,436,,,,,,,,,,